DateID,FullDate,Day,Month,Quarter,Year
11082017,8/11/2017,8,11,Q4,2017
6122017,12/6/2017,12,6,Q2,2017
10112016,11/10/2016,11,10,Q4,2016
6092015,9/6/2015,9,6,Q2,2015
4152018,15/4/2018,15,4,Q2,2018
12052017,5/12/2017,5,12,Q4,2017
11222016,22/11/2016,22,11,Q4,2016
11112015,11/11/2015,11,11,Q4,2015
5132015,13/5/2015,13,5,Q2,2015
8272015,27/8/2015,27,8,Q3,2015
12092017,9/12/2017,9,12,Q4,2017
7162018,16/7/2018,16,7,Q3,2018
9252016,25/9/2016,25,9,Q3,2016
1162017,16/1/2017,16,1,Q1,2017
9172016,17/9/2016,17,9,Q3,2016
10192018,19/10/2018,19,10,Q4,2018
12082017,8/12/2017,8,12,Q4,2017
12272016,27/12/2016,27,12,Q4,2016
9102018,10/9/2018,10,9,Q3,2018
7172017,17/7/2017,17,7,Q3,2017
9192018,19/9/2018,19,9,Q3,2018
3112017,11/3/2017,11,3,Q1,2017
10202015,20/10/2015,20,10,Q4,2015
6202017,20/6/2017,20,6,Q2,2017
4182016,18/4/2016,18,4,Q2,2016
12112017,11/12/2017,11,12,Q4,2017
6172017,17/6/2017,17,6,Q2,2017
11242016,24/11/2016,24,11,Q4,2016
4302016,30/4/2016,30,4,Q2,2016
12052015,5/12/2015,5,12,Q4,2015
6042017,4/6/2017,4,6,Q2,2017
9182017,18/9/2017,18,9,Q3,2017
9142018,14/9/2018,14,9,Q3,2018
4262016,26/4/2016,26,4,Q2,2016
12092018,9/12/2018,9,12,Q4,2018
11262015,26/11/2015,26,11,Q4,2015
10122015,12/10/2015,12,10,Q4,2015
9032016,3/9/2016,3,9,Q3,2016
11132018,13/11/2018,13,11,Q4,2018
5282018,28/5/2018,28,5,Q2,2018
10262018,26/10/2018,26,10,Q4,2018
4052017,5/4/2017,5,4,Q2,2017
9172017,17/9/2017,17,9,Q3,2017
1312016,31/1/2016,31,1,Q1,2016
11062018,6/11/2018,6,11,Q4,2018
11092018,9/11/2018,9,11,Q4,2018
6172018,17/6/2018,17,6,Q2,2018
9062017,6/9/2017,6,9,Q3,2017
8292017,29/8/2017,29,8,Q3,2017
12012017,1/12/2017,1,12,Q4,2017
11132016,13/11/2016,13,11,Q4,2016
11232018,23/11/2018,23,11,Q4,2018
10152016,15/10/2016,15,10,Q4,2016
12252018,25/12/2018,25,12,Q4,2018
11032017,3/11/2017,3,11,Q4,2017
8252015,25/8/2015,25,8,Q3,2015
3022016,2/3/2016,2,3,Q1,2016
4052016,5/4/2016,5,4,Q2,2016
12262015,26/12/2015,26,12,Q4,2015
9202015,20/9/2015,20,9,Q3,2015
11052018,5/11/2018,5,11,Q4,2018
11062017,6/11/2017,6,11,Q4,2017
2022018,2/2/2018,2,2,Q1,2018
10132017,13/10/2017,13,10,Q4,2017
9052017,5/9/2017,5,9,Q3,2017
9182018,18/9/2018,18,9,Q3,2018
12222018,22/12/2018,22,12,Q4,2018
9072016,7/9/2016,7,9,Q3,2016
10222015,22/10/2015,22,10,Q4,2015
3132017,13/3/2017,13,3,Q1,2017
5312016,31/5/2016,31,5,Q2,2016
5282016,28/5/2016,28,5,Q2,2016
3012015,1/3/2015,1,3,Q1,2015
11202017,20/11/2017,20,11,Q4,2017
5112017,11/5/2017,11,5,Q2,2017
12282016,28/12/2016,28,12,Q4,2016
11162017,16/11/2017,16,11,Q4,2017
11072017,7/11/2017,7,11,Q4,2017
9082015,8/9/2015,8,9,Q3,2015
8052015,5/8/2015,5,8,Q3,2015
9142015,14/9/2015,14,9,Q3,2015
4212018,21/4/2018,21,4,Q2,2018
11212016,21/11/2016,21,11,Q4,2016
12152016,15/12/2016,15,12,Q4,2016
11192015,19/11/2015,19,11,Q4,2015
11282017,28/11/2017,28,11,Q4,2017
8262015,26/8/2015,26,8,Q3,2015
7162017,16/7/2017,16,7,Q3,2017
10122016,12/10/2016,12,10,Q4,2016
10312016,31/10/2016,31,10,Q4,2016
3212015,21/3/2015,21,3,Q1,2015
7062018,6/7/2018,6,7,Q3,2018
6242018,24/6/2018,24,6,Q2,2018
8032015,3/8/2015,3,8,Q3,2015
12172018,17/12/2018,17,12,Q4,2018
6032018,3/6/2018,3,6,Q2,2018
12012018,1/12/2018,1,12,Q4,2018
2092016,9/2/2016,9,2,Q1,2016
1022016,2/1/2016,2,1,Q1,2016
10282017,28/10/2017,28,10,Q4,2017
12242016,24/12/2016,24,12,Q4,2016
8092016,9/8/2016,9,8,Q3,2016
2282016,28/2/2016,28,2,Q1,2016
9132015,13/9/2015,13,9,Q3,2015
4072018,7/4/2018,7,4,Q2,2018
11122018,12/11/2018,12,11,Q4,2018
6012015,1/6/2015,1,6,Q2,2015
12102017,10/12/2017,10,12,Q4,2017
9112017,11/9/2017,11,9,Q3,2017
11282016,28/11/2016,28,11,Q4,2016
6082018,8/6/2018,8,6,Q2,2018
9192015,19/9/2015,19,9,Q3,2015
6062017,6/6/2017,6,6,Q2,2017
11102016,10/11/2016,10,11,Q4,2016
6162018,16/6/2018,16,6,Q2,2018
1222017,22/1/2017,22,1,Q1,2017
12282018,28/12/2018,28,12,Q4,2018
7302016,30/7/2016,30,7,Q3,2016
9162018,16/9/2018,16,9,Q3,2018
10132018,13/10/2018,13,10,Q4,2018
9262016,26/9/2016,26,9,Q3,2016
11022016,2/11/2016,2,11,Q4,2016
12182017,18/12/2017,18,12,Q4,2017
11192018,19/11/2018,19,11,Q4,2018
5042016,4/5/2016,4,5,Q2,2016
12302015,30/12/2015,30,12,Q4,2015
9122017,12/9/2017,12,9,Q3,2017
9272015,27/9/2015,27,9,Q3,2015
8092015,9/8/2015,9,8,Q3,2015
12282015,28/12/2015,28,12,Q4,2015
11042015,4/11/2015,4,11,Q4,2015
4232017,23/4/2017,23,4,Q2,2017
11032018,3/11/2018,3,11,Q4,2018
8302017,30/8/2017,30,8,Q3,2017
4252017,25/4/2017,25,4,Q2,2017
9012016,1/9/2016,1,9,Q3,2016
7122015,12/7/2015,12,7,Q3,2015
6222016,22/6/2016,22,6,Q2,2016
4132015,13/4/2015,13,4,Q2,2015
12202016,20/12/2016,20,12,Q4,2016
6152018,15/6/2018,15,6,Q2,2018
7082018,8/7/2018,8,7,Q3,2018
9012017,1/9/2017,1,9,Q3,2017
4082017,8/4/2017,8,4,Q2,2017
3082018,8/3/2018,8,3,Q1,2018
9252018,25/9/2018,25,9,Q3,2018
9242015,24/9/2015,24,9,Q3,2015
10212017,21/10/2017,21,10,Q4,2017
5292018,29/5/2018,29,5,Q2,2018
7232015,23/7/2015,23,7,Q3,2015
9282017,28/9/2017,28,9,Q3,2017
8272018,27/8/2018,27,8,Q3,2018
4282016,28/4/2016,28,4,Q2,2016
6262016,26/6/2016,26,6,Q2,2016
11272016,27/11/2016,27,11,Q4,2016
12032016,3/12/2016,3,12,Q4,2016
11242015,24/11/2015,24,11,Q4,2015
12112018,11/12/2018,11,12,Q4,2018
9212015,21/9/2015,21,9,Q3,2015
6072015,7/6/2015,7,6,Q2,2015
6302018,30/6/2018,30,6,Q2,2018
10172018,17/10/2018,17,10,Q4,2018
9082017,8/9/2017,8,9,Q3,2017
12242015,24/12/2015,24,12,Q4,2015
4162015,16/4/2015,16,4,Q2,2015
12242018,24/12/2018,24,12,Q4,2018
12082018,8/12/2018,8,12,Q4,2018
4142017,14/4/2017,14,4,Q2,2017
3042018,4/3/2018,4,3,Q1,2018
6222015,22/6/2015,22,6,Q2,2015
8212018,21/8/2018,21,8,Q3,2018
9122015,12/9/2015,12,9,Q3,2015
10012018,1/10/2018,1,10,Q4,2018
4152017,15/4/2017,15,4,Q2,2017
12192015,19/12/2015,19,12,Q4,2015
9152018,15/9/2018,15,9,Q3,2018
1202018,20/1/2018,20,1,Q1,2018
3202018,20/3/2018,20,3,Q1,2018
4012017,1/4/2017,1,4,Q2,2017
10202018,20/10/2018,20,10,Q4,2018
12132017,13/12/2017,13,12,Q4,2017
2122015,12/2/2015,12,2,Q1,2015
9262017,26/9/2017,26,9,Q3,2017
4222017,22/4/2017,22,4,Q2,2017
1172016,17/1/2016,17,1,Q1,2016
3312018,31/3/2018,31,3,Q1,2018
12162017,16/12/2017,16,12,Q4,2017
11092015,9/11/2015,9,11,Q4,2015
7122017,12/7/2017,12,7,Q3,2017
10272017,27/10/2017,27,10,Q4,2017
6262017,26/6/2017,26,6,Q2,2017
10062015,6/10/2015,6,10,Q4,2015
7222015,22/7/2015,22,7,Q3,2015
6102018,10/6/2018,10,6,Q2,2018
10292015,29/10/2015,29,10,Q4,2015
5092017,9/5/2017,9,5,Q2,2017
3182017,18/3/2017,18,3,Q1,2017
7252017,25/7/2017,25,7,Q3,2017
5302017,30/5/2017,30,5,Q2,2017
3162016,16/3/2016,16,3,Q1,2016
11262018,26/11/2018,26,11,Q4,2018
10202017,20/10/2017,20,10,Q4,2017
12212018,21/12/2018,21,12,Q4,2018
1222018,22/1/2018,22,1,Q1,2018
3222016,22/3/2016,22,3,Q1,2016
1232018,23/1/2018,23,1,Q1,2018
5212017,21/5/2017,21,5,Q2,2017
12262016,26/12/2016,26,12,Q4,2016
10212018,21/10/2018,21,10,Q4,2018
11072016,7/11/2016,7,11,Q4,2016
9072018,7/9/2018,7,9,Q3,2018
5292017,29/5/2017,29,5,Q2,2017
7102017,10/7/2017,10,7,Q3,2017
9032018,3/9/2018,3,9,Q3,2018
12072016,7/12/2016,7,12,Q4,2016
2012015,1/2/2015,1,2,Q1,2015
7142017,14/7/2017,14,7,Q3,2017
12182016,18/12/2016,18,12,Q4,2016
5112015,11/5/2015,11,5,Q2,2015
11152016,15/11/2016,15,11,Q4,2016
9112018,11/9/2018,11,9,Q3,2018
11242018,24/11/2018,24,11,Q4,2018
6292018,29/6/2018,29,6,Q2,2018
3032015,3/3/2015,3,3,Q1,2015
6102017,10/6/2017,10,6,Q2,2017
11202018,20/11/2018,20,11,Q4,2018
12072018,7/12/2018,7,12,Q4,2018
9182016,18/9/2016,18,9,Q3,2016
7202018,20/7/2018,20,7,Q3,2018
9102016,10/9/2016,10,9,Q3,2016
7032016,3/7/2016,3,7,Q3,2016
3202017,20/3/2017,20,3,Q1,2017
1092015,9/1/2015,9,1,Q1,2015
8082015,8/8/2015,8,8,Q3,2015
3152015,15/3/2015,15,3,Q1,2015
5232015,23/5/2015,23,5,Q2,2015
4282017,28/4/2017,28,4,Q2,2017
11142018,14/11/2018,14,11,Q4,2018
8182018,18/8/2018,18,8,Q3,2018
11292016,29/11/2016,29,11,Q4,2016
5192018,19/5/2018,19,5,Q2,2018
9242018,24/9/2018,24,9,Q3,2018
10042016,4/10/2016,4,10,Q4,2016
8152017,15/8/2017,15,8,Q3,2017
5202017,20/5/2017,20,5,Q2,2017
7302018,30/7/2018,30,7,Q3,2018
7212018,21/7/2018,21,7,Q3,2018
12302018,30/12/2018,30,12,Q4,2018
10232017,23/10/2017,23,10,Q4,2017
6192018,19/6/2018,19,6,Q2,2018
8222017,22/8/2017,22,8,Q3,2017
9192017,19/9/2017,19,9,Q3,2017
8242016,24/8/2016,24,8,Q3,2016
3262017,26/3/2017,26,3,Q1,2017
11042017,4/11/2017,4,11,Q4,2017
6092018,9/6/2018,9,6,Q2,2018
12052018,5/12/2018,5,12,Q4,2018
3182018,18/3/2018,18,3,Q1,2018
11192017,19/11/2017,19,11,Q4,2017
11042018,4/11/2018,4,11,Q4,2018
7052015,5/7/2015,5,7,Q3,2015
6212015,21/6/2015,21,6,Q2,2015
3282016,28/3/2016,28,3,Q1,2016
5142016,14/5/2016,14,5,Q2,2016
9022018,2/9/2018,2,9,Q3,2018
4092016,9/4/2016,9,4,Q2,2016
12022015,2/12/2015,2,12,Q4,2015
4052015,5/4/2015,5,4,Q2,2015
7012015,1/7/2015,1,7,Q3,2015
1112015,11/1/2015,11,1,Q1,2015
6022015,2/6/2015,2,6,Q2,2015
2132017,13/2/2017,13,2,Q1,2017
12152017,15/12/2017,15,12,Q4,2017
10072015,7/10/2015,7,10,Q4,2015
7072017,7/7/2017,7,7,Q3,2017
12032017,3/12/2017,3,12,Q4,2017
1212018,21/1/2018,21,1,Q1,2018
1042015,4/1/2015,4,1,Q1,2015
8272017,27/8/2017,27,8,Q3,2017
5272015,27/5/2015,27,5,Q2,2015
10022018,2/10/2018,2,10,Q4,2018
4072017,7/4/2017,7,4,Q2,2017
12292015,29/12/2015,29,12,Q4,2015
7232018,23/7/2018,23,7,Q3,2018
8312016,31/8/2016,31,8,Q3,2016
2082016,8/2/2016,8,2,Q1,2016
1132015,13/1/2015,13,1,Q1,2015
5142015,14/5/2015,14,5,Q2,2015
5192017,19/5/2017,19,5,Q2,2017
1302018,30/1/2018,30,1,Q1,2018
6292015,29/6/2015,29,6,Q2,2015
8212016,21/8/2016,21,8,Q3,2016
10032016,3/10/2016,3,10,Q4,2016
5232016,23/5/2016,23,5,Q2,2016
3172018,17/3/2018,17,3,Q1,2018
12122016,12/12/2016,12,12,Q4,2016
9212018,21/9/2018,21,9,Q3,2018
2202018,20/2/2018,20,2,Q1,2018
8182017,18/8/2017,18,8,Q3,2017
3122017,12/3/2017,12,3,Q1,2017
4222018,22/4/2018,22,4,Q2,2018
11012015,1/11/2015,1,11,Q4,2015
2032016,3/2/2016,3,2,Q1,2016
10132015,13/10/2015,13,10,Q4,2015
5142018,14/5/2018,14,5,Q2,2018
3202016,20/3/2016,20,3,Q1,2016
9152017,15/9/2017,15,9,Q3,2017
6282015,28/6/2015,28,6,Q2,2015
6202018,20/6/2018,20,6,Q2,2018
5092015,9/5/2015,9,5,Q2,2015
7232017,23/7/2017,23,7,Q3,2017
3072017,7/3/2017,7,3,Q1,2017
11202016,20/11/2016,20,11,Q4,2016
10132016,13/10/2016,13,10,Q4,2016
1012018,1/1/2018,1,1,Q1,2018
2072015,7/2/2015,7,2,Q1,2015
5282017,28/5/2017,28,5,Q2,2017
2192017,19/2/2017,19,2,Q1,2017
4102018,10/4/2018,10,4,Q2,2018
1052017,5/1/2017,5,1,Q1,2017
1102015,10/1/2015,10,1,Q1,2015
9292017,29/9/2017,29,9,Q3,2017
4062015,6/4/2015,6,4,Q2,2015
9032017,3/9/2017,3,9,Q3,2017
10192016,19/10/2016,19,10,Q4,2016
12102015,10/12/2015,10,12,Q4,2015
8252018,25/8/2018,25,8,Q3,2018
1172017,17/1/2017,17,1,Q1,2017
9172015,17/9/2015,17,9,Q3,2015
11302018,30/11/2018,30,11,Q4,2018
10092016,9/10/2016,9,10,Q4,2016
12232018,23/12/2018,23,12,Q4,2018
10222017,22/10/2017,22,10,Q4,2017
4292015,29/4/2015,29,4,Q2,2015
4252016,25/4/2016,25,4,Q2,2016
6262018,26/6/2018,26,6,Q2,2018
10142018,14/10/2018,14,10,Q4,2018
12092015,9/12/2015,9,12,Q4,2015
11102017,10/11/2017,10,11,Q4,2017
10032017,3/10/2017,3,10,Q4,2017
9092015,9/9/2015,9,9,Q3,2015
10292018,29/10/2018,29,10,Q4,2018
4102017,10/4/2017,10,4,Q2,2017
11112018,11/11/2018,11,11,Q4,2018
11272018,27/11/2018,27,11,Q4,2018
6152015,15/6/2015,15,6,Q2,2015
3052017,5/3/2017,5,3,Q1,2017
4112016,11/4/2016,11,4,Q2,2016
10052016,5/10/2016,5,10,Q4,2016
4142018,14/4/2018,14,4,Q2,2018
12132016,13/12/2016,13,12,Q4,2016
6192017,19/6/2017,19,6,Q2,2017
5292016,29/5/2016,29,5,Q2,2016
7262016,26/7/2016,26,7,Q3,2016
11282018,28/11/2018,28,11,Q4,2018
4032018,3/4/2018,3,4,Q2,2018
5152018,15/5/2018,15,5,Q2,2018
9222016,22/9/2016,22,9,Q3,2016
9222015,22/9/2015,22,9,Q3,2015
4092018,9/4/2018,9,4,Q2,2018
1162015,16/1/2015,16,1,Q1,2015
10052018,5/10/2018,5,10,Q4,2018
7092018,9/7/2018,9,7,Q3,2018
1072018,7/1/2018,7,1,Q1,2018
12092016,9/12/2016,9,12,Q4,2016
9292018,29/9/2018,29,9,Q3,2018
3102016,10/3/2016,10,3,Q1,2016
5212018,21/5/2018,21,5,Q2,2018
3292016,29/3/2016,29,3,Q1,2016
9092017,9/9/2017,9,9,Q3,2017
8262017,26/8/2017,26,8,Q3,2017
5212015,21/5/2015,21,5,Q2,2015
10282016,28/10/2016,28,10,Q4,2016
11132017,13/11/2017,13,11,Q4,2017
7312016,31/7/2016,31,7,Q3,2016
8272016,27/8/2016,27,8,Q3,2016
11062016,6/11/2016,6,11,Q4,2016
12262018,26/12/2018,26,12,Q4,2018
8012018,1/8/2018,1,8,Q3,2018
12212016,21/12/2016,21,12,Q4,2016
7062016,6/7/2016,6,7,Q3,2016
4272016,27/4/2016,27,4,Q2,2016
6162016,16/6/2016,16,6,Q2,2016
1112017,11/1/2017,11,1,Q1,2017
7112015,11/7/2015,11,7,Q3,2015
6132016,13/6/2016,13,6,Q2,2016
10122018,12/10/2018,12,10,Q4,2018
3082017,8/3/2017,8,3,Q1,2017
4042016,4/4/2016,4,4,Q2,2016
12102018,10/12/2018,10,12,Q4,2018
11242017,24/11/2017,24,11,Q4,2017
3232016,23/3/2016,23,3,Q1,2016
4162016,16/4/2016,16,4,Q2,2016
10012017,1/10/2017,1,10,Q4,2017
9282018,28/9/2018,28,9,Q3,2018
7252016,25/7/2016,25,7,Q3,2016
11122017,12/11/2017,12,11,Q4,2017
9232018,23/9/2018,23,9,Q3,2018
3012017,1/3/2017,1,3,Q1,2017
8122017,12/8/2017,12,8,Q3,2017
6042018,4/6/2018,4,6,Q2,2018
12062016,6/12/2016,6,12,Q4,2016
6252015,25/6/2015,25,6,Q2,2015
6142017,14/6/2017,14,6,Q2,2017
12182018,18/12/2018,18,12,Q4,2018
7222017,22/7/2017,22,7,Q3,2017
9042016,4/9/2016,4,9,Q3,2016
1202015,20/1/2015,20,1,Q1,2015
4122017,12/4/2017,12,4,Q2,2017
12062017,6/12/2017,6,12,Q4,2017
6052017,5/6/2017,5,6,Q2,2017
9292015,29/9/2015,29,9,Q3,2015
5082016,8/5/2016,8,5,Q2,2016
12312017,31/12/2017,31,12,Q4,2017
12202015,20/12/2015,20,12,Q4,2015
7022017,2/7/2017,2,7,Q3,2017
9012015,1/9/2015,1,9,Q3,2015
5042015,4/5/2015,4,5,Q2,2015
3102015,10/3/2015,10,3,Q1,2015
4212015,21/4/2015,21,4,Q2,2015
10222016,22/10/2016,22,10,Q4,2016
8222016,22/8/2016,22,8,Q3,2016
12272015,27/12/2015,27,12,Q4,2015
4242017,24/4/2017,24,4,Q2,2017
1142018,14/1/2018,14,1,Q1,2018
2262018,26/2/2018,26,2,Q1,2018
9152016,15/9/2016,15,9,Q3,2016
7182017,18/7/2017,18,7,Q3,2017
9092018,9/9/2018,9,9,Q3,2018
12042017,4/12/2017,4,12,Q4,2017
8112015,11/8/2015,11,8,Q3,2015
2152017,15/2/2017,15,2,Q1,2017
12122015,12/12/2015,12,12,Q4,2015
7042016,4/7/2016,4,7,Q3,2016
3102018,10/3/2018,10,3,Q1,2018
12242017,24/12/2017,24,12,Q4,2017
10232018,23/10/2018,23,10,Q4,2018
7072018,7/7/2018,7,7,Q3,2018
4212017,21/4/2017,21,4,Q2,2017
5262017,26/5/2017,26,5,Q2,2017
5022017,2/5/2017,2,5,Q2,2017
11222017,22/11/2017,22,11,Q4,2017
5252016,25/5/2016,25,5,Q2,2016
12232017,23/12/2017,23,12,Q4,2017
9192016,19/9/2016,19,9,Q3,2016
7032018,3/7/2018,3,7,Q3,2018
9242017,24/9/2017,24,9,Q3,2017
2032018,3/2/2018,3,2,Q1,2018
3032018,3/3/2018,3,3,Q1,2018
10092018,9/10/2018,9,10,Q4,2018
9282015,28/9/2015,28,9,Q3,2015
6142016,14/6/2016,14,6,Q2,2016
3302017,30/3/2017,30,3,Q1,2017
10152018,15/10/2018,15,10,Q4,2018
5232017,23/5/2017,23,5,Q2,2017
6022018,2/6/2018,2,6,Q2,2018
2162015,16/2/2015,16,2,Q1,2015
5062015,6/5/2015,6,5,Q2,2015
5162017,16/5/2017,16,5,Q2,2017
4022018,2/4/2018,2,4,Q2,2018
1022018,2/1/2018,2,1,Q1,2018
3172015,17/3/2015,17,3,Q1,2015
10032015,3/10/2015,3,10,Q4,2015
3282017,28/3/2017,28,3,Q1,2017
5042018,4/5/2018,4,5,Q2,2018
5052017,5/5/2017,5,5,Q2,2017
4262018,26/4/2018,26,4,Q2,2018
9262015,26/9/2015,26,9,Q3,2015
11102018,10/11/2018,10,11,Q4,2018
3072018,7/3/2018,7,3,Q1,2018
4012015,1/4/2015,1,4,Q2,2015
9142016,14/9/2016,14,9,Q3,2016
8042015,4/8/2015,4,8,Q3,2015
2052017,5/2/2017,5,2,Q1,2017
11012017,1/11/2017,1,11,Q4,2017
4192017,19/4/2017,19,4,Q2,2017
9022017,2/9/2017,2,9,Q3,2017
9252017,25/9/2017,25,9,Q3,2017
7092017,9/7/2017,9,7,Q3,2017
6302015,30/6/2015,30,6,Q2,2015
1282018,28/1/2018,28,1,Q1,2018
9212016,21/9/2016,21,9,Q3,2016
12262017,26/12/2017,26,12,Q4,2017
4122018,12/4/2018,12,4,Q2,2018
12192018,19/12/2018,19,12,Q4,2018
8052018,5/8/2018,5,8,Q3,2018
10012016,1/10/2016,1,10,Q4,2016
6132018,13/6/2018,13,6,Q2,2018
4232015,23/4/2015,23,4,Q2,2015
5012016,1/5/2016,1,5,Q2,2016
7192016,19/7/2016,19,7,Q3,2016
11262017,26/11/2017,26,11,Q4,2017
6122018,12/6/2018,12,6,Q2,2018
8172016,17/8/2016,17,8,Q3,2016
12012016,1/12/2016,1,12,Q4,2016
5162016,16/5/2016,16,5,Q2,2016
9242016,24/9/2016,24,9,Q3,2016
7112018,11/7/2018,11,7,Q3,2018
3192018,19/3/2018,19,3,Q1,2018
12022017,2/12/2017,2,12,Q4,2017
10142017,14/10/2017,14,10,Q4,2017
11272015,27/11/2015,27,11,Q4,2015
11032016,3/11/2016,3,11,Q4,2016
11292015,29/11/2015,29,11,Q4,2015
4302018,30/4/2018,30,4,Q2,2018
10302018,30/10/2018,30,10,Q4,2018
12172015,17/12/2015,17,12,Q4,2015
9042018,4/9/2018,4,9,Q3,2018
10172017,17/10/2017,17,10,Q4,2017
8012016,1/8/2016,1,8,Q3,2016
9122018,12/9/2018,12,9,Q3,2018
2032015,3/2/2015,3,2,Q1,2015
2112018,11/2/2018,11,2,Q1,2018
4162018,16/4/2018,16,4,Q2,2018
3262016,26/3/2016,26,3,Q1,2016
8312018,31/8/2018,31,8,Q3,2018
2102018,10/2/2018,10,2,Q1,2018
10292017,29/10/2017,29,10,Q4,2017
3112015,11/3/2015,11,3,Q1,2015
2042015,4/2/2015,4,2,Q1,2015
12312015,31/12/2015,31,12,Q4,2015
11232016,23/11/2016,23,11,Q4,2016
7062015,6/7/2015,6,7,Q3,2015
5032015,3/5/2015,3,5,Q2,2015
10162018,16/10/2018,16,10,Q4,2018
2062016,6/2/2016,6,2,Q1,2016
4092017,9/4/2017,9,4,Q2,2017
4042015,4/4/2015,4,4,Q2,2015
9052018,5/9/2018,5,9,Q3,2018
11092016,9/11/2016,9,11,Q4,2016
3042015,4/3/2015,4,3,Q1,2015
3192016,19/3/2016,19,3,Q1,2016
6112018,11/6/2018,11,6,Q2,2018
11232015,23/11/2015,23,11,Q4,2015
12152015,15/12/2015,15,12,Q4,2015
2272017,27/2/2017,27,2,Q1,2017
5122017,12/5/2017,12,5,Q2,2017
6232016,23/6/2016,23,6,Q2,2016
10192015,19/10/2015,19,10,Q4,2015
3242016,24/3/2016,24,3,Q1,2016
5082018,8/5/2018,8,5,Q2,2018
5082017,8/5/2017,8,5,Q2,2017
5262015,26/5/2015,26,5,Q2,2015
3152017,15/3/2017,15,3,Q1,2017
8102016,10/8/2016,10,8,Q3,2016
9102017,10/9/2017,10,9,Q3,2017
12192016,19/12/2016,19,12,Q4,2016
11162016,16/11/2016,16,11,Q4,2016
6212018,21/6/2018,21,6,Q2,2018
11012016,1/11/2016,1,11,Q4,2016
8292015,29/8/2015,29,8,Q3,2015
11182018,18/11/2018,18,11,Q4,2018
5122015,12/5/2015,12,5,Q2,2015
1102016,10/1/2016,10,1,Q1,2016
3222017,22/3/2017,22,3,Q1,2017
12112016,11/12/2016,11,12,Q4,2016
5182017,18/5/2017,18,5,Q2,2017
9072015,7/9/2015,7,9,Q3,2015
4242018,24/4/2018,24,4,Q2,2018
8162015,16/8/2015,16,8,Q3,2015
3142017,14/3/2017,14,3,Q1,2017
6032015,3/6/2015,3,6,Q2,2015
7132016,13/7/2016,13,7,Q3,2016
2022015,2/2/2015,2,2,Q1,2015
1302016,30/1/2016,30,1,Q1,2016
9082018,8/9/2018,8,9,Q3,2018
10072018,7/10/2018,7,10,Q4,2018
4302017,30/4/2017,30,4,Q2,2017
4292018,29/4/2018,29,4,Q2,2018
2072017,7/2/2017,7,2,Q1,2017
7292018,29/7/2018,29,7,Q3,2018
6062015,6/6/2015,6,6,Q2,2015
8132017,13/8/2017,13,8,Q3,2017
4252015,25/4/2015,25,4,Q2,2015
12022018,2/12/2018,2,12,Q4,2018
12082016,8/12/2016,8,12,Q4,2016
1052015,5/1/2015,5,1,Q1,2015
9052016,5/9/2016,5,9,Q3,2016
8042017,4/8/2017,4,8,Q3,2017
3222015,22/3/2015,22,3,Q1,2015
3022018,2/3/2018,2,3,Q1,2018
11272017,27/11/2017,27,11,Q4,2017
4282015,28/4/2015,28,4,Q2,2015
11112017,11/11/2017,11,11,Q4,2017
7092016,9/7/2016,9,7,Q3,2016
9222018,22/9/2018,22,9,Q3,2018
2152016,15/2/2016,15,2,Q1,2016
9302015,30/9/2015,30,9,Q3,2015
12012015,1/12/2015,1,12,Q4,2015
12082015,8/12/2015,8,12,Q4,2015
8082017,8/8/2017,8,8,Q3,2017
12252017,25/12/2017,25,12,Q4,2017
2112017,11/2/2017,11,2,Q1,2017
6042016,4/6/2016,4,6,Q2,2016
5252015,25/5/2015,25,5,Q2,2015
2162017,16/2/2017,16,2,Q1,2017
12222017,22/12/2017,22,12,Q4,2017
2082017,8/2/2017,8,2,Q1,2017
5182015,18/5/2015,18,5,Q2,2015
11052016,5/11/2016,5,11,Q4,2016
2192018,19/2/2018,19,2,Q1,2018
8012015,1/8/2015,1,8,Q3,2015
1122018,12/1/2018,12,1,Q1,2018
7202016,20/7/2016,20,7,Q3,2016
6132015,13/6/2015,13,6,Q2,2015
5122018,12/5/2018,12,5,Q2,2018
3262018,26/3/2018,26,3,Q1,2018
11122015,12/11/2015,12,11,Q4,2015
6252016,25/6/2016,25,6,Q2,2016
7212015,21/7/2015,21,7,Q3,2015
11212018,21/11/2018,21,11,Q4,2018
6042015,4/6/2015,4,6,Q2,2015
3102017,10/3/2017,10,3,Q1,2017
3252018,25/3/2018,25,3,Q1,2018
12292018,29/12/2018,29,12,Q4,2018
3282018,28/3/2018,28,3,Q1,2018
3052016,5/3/2016,5,3,Q1,2016
1192018,19/1/2018,19,1,Q1,2018
10212015,21/10/2015,21,10,Q4,2015
3142015,14/3/2015,14,3,Q1,2015
12312016,31/12/2016,31,12,Q4,2016
10032018,3/10/2018,3,10,Q4,2018
6292017,29/6/2017,29,6,Q2,2017
8202017,20/8/2017,20,8,Q3,2017
5172017,17/5/2017,17,5,Q2,2017
11152017,15/11/2017,15,11,Q4,2017
1152015,15/1/2015,15,1,Q1,2015
11082016,8/11/2016,8,11,Q4,2016
10302016,30/10/2016,30,10,Q4,2016
8172018,17/8/2018,17,8,Q3,2018
7082017,8/7/2017,8,7,Q3,2017
3092018,9/3/2018,9,3,Q1,2018
6092017,9/6/2017,9,6,Q2,2017
3162018,16/3/2018,16,3,Q1,2018
8062018,6/8/2018,6,8,Q3,2018
8292018,29/8/2018,29,8,Q3,2018
5062018,6/5/2018,6,5,Q2,2018
12142015,14/12/2015,14,12,Q4,2015
10182015,18/10/2015,18,10,Q4,2015
12142016,14/12/2016,14,12,Q4,2016
12032015,3/12/2015,3,12,Q4,2015
11252015,25/11/2015,25,11,Q4,2015
2242018,24/2/2018,24,2,Q1,2018
6252018,25/6/2018,25,6,Q2,2018
2062015,6/2/2015,6,2,Q1,2015
4112018,11/4/2018,11,4,Q2,2018
8032018,3/8/2018,3,8,Q3,2018
11152015,15/11/2015,15,11,Q4,2015
8202018,20/8/2018,20,8,Q3,2018
3132016,13/3/2016,13,3,Q1,2016
11262016,26/11/2016,26,11,Q4,2016
1232016,23/1/2016,23,1,Q1,2016
6182016,18/6/2016,18,6,Q2,2016
10022016,2/10/2016,2,10,Q4,2016
8172015,17/8/2015,17,8,Q3,2015
7112016,11/7/2016,11,7,Q3,2016
10312015,31/10/2015,31,10,Q4,2015
4132016,13/4/2016,13,4,Q2,2016
7212017,21/7/2017,21,7,Q3,2017
11072018,7/11/2018,7,11,Q4,2018
2232018,23/2/2018,23,2,Q1,2018
6232017,23/6/2017,23,6,Q2,2017
10262016,26/10/2016,26,10,Q4,2016
7152018,15/7/2018,15,7,Q3,2018
11172015,17/11/2015,17,11,Q4,2015
11252016,25/11/2016,25,11,Q4,2016
5152017,15/5/2017,15,5,Q2,2017
7182015,18/7/2015,18,7,Q3,2015
3242018,24/3/2018,24,3,Q1,2018
4132018,13/4/2018,13,4,Q2,2018
6232015,23/6/2015,23,6,Q2,2015
5202015,20/5/2015,20,5,Q2,2015
11302016,30/11/2016,30,11,Q4,2016
11162018,16/11/2018,16,11,Q4,2018
6252017,25/6/2017,25,6,Q2,2017
5142017,14/5/2017,14,5,Q2,2017
1072017,7/1/2017,7,1,Q1,2017
3132018,13/3/2018,13,3,Q1,2018
1272018,27/1/2018,27,1,Q1,2018
7302017,30/7/2017,30,7,Q3,2017
10152017,15/10/2017,15,10,Q4,2017
5072017,7/5/2017,7,5,Q2,2017
8102018,10/8/2018,10,8,Q3,2018
11282015,28/11/2015,28,11,Q4,2015
9062016,6/9/2016,6,9,Q3,2016
6292016,29/6/2016,29,6,Q2,2016
7142015,14/7/2015,14,7,Q3,2015
11142015,14/11/2015,14,11,Q4,2015
7282018,28/7/2018,28,7,Q3,2018
7312018,31/7/2018,31,7,Q3,2018
3192017,19/3/2017,19,3,Q1,2017
3312015,31/3/2015,31,3,Q1,2015
7152017,15/7/2017,15,7,Q3,2017
4202018,20/4/2018,20,4,Q2,2018
9282016,28/9/2016,28,9,Q3,2016
2062018,6/2/2018,6,2,Q1,2018
11142017,14/11/2017,14,11,Q4,2017
9172018,17/9/2018,17,9,Q3,2018
12202018,20/12/2018,20,12,Q4,2018
3062016,6/3/2016,6,3,Q1,2016
6272015,27/6/2015,27,6,Q2,2015
11172018,17/11/2018,17,11,Q4,2018
6012018,1/6/2018,1,6,Q2,2018
1082018,8/1/2018,8,1,Q1,2018
4202016,20/4/2016,20,4,Q2,2016
8062016,6/8/2016,6,8,Q3,2016
12232016,23/12/2016,23,12,Q4,2016
12252016,25/12/2016,25,12,Q4,2016
3212018,21/3/2018,21,3,Q1,2018
8232015,23/8/2015,23,8,Q3,2015
8192015,19/8/2015,19,8,Q3,2015
7262015,26/7/2015,26,7,Q3,2015
2222017,22/2/2017,22,2,Q1,2017
9232017,23/9/2017,23,9,Q3,2017
1242018,24/1/2018,24,1,Q1,2018
5062017,6/5/2017,6,5,Q2,2017
3172017,17/3/2017,17,3,Q1,2017
11142016,14/11/2016,14,11,Q4,2016
8142018,14/8/2018,14,8,Q3,2018
4012018,1/4/2018,1,4,Q2,2018
9272017,27/9/2017,27,9,Q3,2017
3232018,23/3/2018,23,3,Q1,2018
6072016,7/6/2016,7,6,Q2,2016
12292017,29/12/2017,29,12,Q4,2017
4182017,18/4/2017,18,4,Q2,2017
6112017,11/6/2017,11,6,Q2,2017
5132018,13/5/2018,13,5,Q2,2018
3252015,25/3/2015,25,3,Q1,2015
11182015,18/11/2015,18,11,Q4,2015
7172018,17/7/2018,17,7,Q3,2018
5222017,22/5/2017,22,5,Q2,2017
10312017,31/10/2017,31,10,Q4,2017
11052017,5/11/2017,5,11,Q4,2017
8152018,15/8/2018,15,8,Q3,2018
12032018,3/12/2018,3,12,Q4,2018
8282018,28/8/2018,28,8,Q3,2018
12132015,13/12/2015,13,12,Q4,2015
6162015,16/6/2015,16,6,Q2,2015
6222018,22/6/2018,22,6,Q2,2018
7252015,25/7/2015,25,7,Q3,2015
7022016,2/7/2016,2,7,Q3,2016
11182017,18/11/2017,18,11,Q4,2017
9052015,5/9/2015,5,9,Q3,2015
5022018,2/5/2018,2,5,Q2,2018
4062016,6/4/2016,6,4,Q2,2016
10242015,24/10/2015,24,10,Q4,2015
1272016,27/1/2016,27,1,Q1,2016
7162016,16/7/2016,16,7,Q3,2016
8162016,16/8/2016,16,8,Q3,2016
9142017,14/9/2017,14,9,Q3,2017
10082017,8/10/2017,8,10,Q4,2017
3172016,17/3/2016,17,3,Q1,2016
11012018,1/11/2018,1,11,Q4,2018
12272018,27/12/2018,27,12,Q4,2018
11222015,22/11/2015,22,11,Q4,2015
1262015,26/1/2015,26,1,Q1,2015
4232018,23/4/2018,23,4,Q2,2018
12162015,16/12/2015,16,12,Q4,2015
3042017,4/3/2017,4,3,Q1,2017
4262015,26/4/2015,26,4,Q2,2015
10222018,22/10/2018,22,10,Q4,2018
7052016,5/7/2016,5,7,Q3,2016
8152016,15/8/2016,15,8,Q3,2016
2202016,20/2/2016,20,2,Q1,2016
4172017,17/4/2017,17,4,Q2,2017
8162017,16/8/2017,16,8,Q3,2017
5012017,1/5/2017,1,5,Q2,2017
8252016,25/8/2016,25,8,Q3,2016
11122016,12/11/2016,12,11,Q4,2016
12042018,4/12/2018,4,12,Q4,2018
8282017,28/8/2017,28,8,Q3,2017
10152015,15/10/2015,15,10,Q4,2015
3182015,18/3/2015,18,3,Q1,2015
5242015,24/5/2015,24,5,Q2,2015
12042015,4/12/2015,4,12,Q4,2015
8262018,26/8/2018,26,8,Q3,2018
12062015,6/12/2015,6,12,Q4,2015
10042015,4/10/2015,4,10,Q4,2015
2132018,13/2/2018,13,2,Q1,2018
7022015,2/7/2015,2,7,Q3,2015
2212016,21/2/2016,21,2,Q1,2016
2252017,25/2/2017,25,2,Q1,2017
6202016,20/6/2016,20,6,Q2,2016
8072018,7/8/2018,7,8,Q3,2018
12042016,4/12/2016,4,12,Q4,2016
6082015,8/6/2015,8,6,Q2,2015
4172016,17/4/2016,17,4,Q2,2016
1152018,15/1/2018,15,1,Q1,2018
4022016,2/4/2016,2,4,Q2,2016
7172016,17/7/2016,17,7,Q3,2016
10092017,9/10/2017,9,10,Q4,2017
4122015,12/4/2015,12,4,Q2,2015
10252017,25/10/2017,25,10,Q4,2017
5122016,12/5/2016,12,5,Q2,2016
9252015,25/9/2015,25,9,Q3,2015
1262018,26/1/2018,26,1,Q1,2018
5182018,18/5/2018,18,5,Q2,2018
12272017,27/12/2017,27,12,Q4,2017
4082018,8/4/2018,8,4,Q2,2018
6022017,2/6/2017,2,6,Q2,2017
7252018,25/7/2018,25,7,Q3,2018
8122018,12/8/2018,12,8,Q3,2018
8132018,13/8/2018,13,8,Q3,2018
1212017,21/1/2017,21,1,Q1,2017
1152017,15/1/2017,15,1,Q1,2017
2212015,21/2/2015,21,2,Q1,2015
1302017,30/1/2017,30,1,Q1,2017
10182017,18/10/2017,18,10,Q4,2017
11022018,2/11/2018,2,11,Q4,2018
3302015,30/3/2015,30,3,Q1,2015
1042017,4/1/2017,4,1,Q1,2017
9122016,12/9/2016,12,9,Q3,2016
6272017,27/6/2017,27,6,Q2,2017
11232017,23/11/2017,23,11,Q4,2017
9022015,2/9/2015,2,9,Q3,2015
7102018,10/7/2018,10,7,Q3,2018
8082016,8/8/2016,8,8,Q3,2016
12142018,14/12/2018,14,12,Q4,2018
6272018,27/6/2018,27,6,Q2,2018
12162018,16/12/2018,16,12,Q4,2018
5072016,7/5/2016,7,5,Q2,2016
6122016,12/6/2016,12,6,Q2,2016
5252017,25/5/2017,25,5,Q2,2017
2212017,21/2/2017,21,2,Q1,2017
10022017,2/10/2017,2,10,Q4,2017
3112018,11/3/2018,11,3,Q1,2018
5172015,17/5/2015,17,5,Q2,2015
4172018,17/4/2018,17,4,Q2,2018
8232017,23/8/2017,23,8,Q3,2017
8242015,24/8/2015,24,8,Q3,2015
3242017,24/3/2017,24,3,Q1,2017
11212017,21/11/2017,21,11,Q4,2017
6112016,11/6/2016,11,6,Q2,2016
10062018,6/10/2018,6,10,Q4,2018
8282016,28/8/2016,28,8,Q3,2016
1032017,3/1/2017,3,1,Q1,2017
7202015,20/7/2015,20,7,Q3,2015
5272018,27/5/2018,27,5,Q2,2018
1282015,28/1/2015,28,1,Q1,2015
2092018,9/2/2018,9,2,Q1,2018
3032017,3/3/2017,3,3,Q1,2017
8232016,23/8/2016,23,8,Q3,2016
4272018,27/4/2018,27,4,Q2,2018
6072017,7/6/2017,7,6,Q2,2017
3212017,21/3/2017,21,3,Q1,2017
11072015,7/11/2015,7,11,Q4,2015
3122018,12/3/2018,12,3,Q1,2018
7222018,22/7/2018,22,7,Q3,2018
7102016,10/7/2016,10,7,Q3,2016
11102015,10/11/2015,10,11,Q4,2015
1092017,9/1/2017,9,1,Q1,2017
12232015,23/12/2015,23,12,Q4,2015
10022015,2/10/2015,2,10,Q4,2015
9012018,1/9/2018,1,9,Q3,2018
2012017,1/2/2017,1,2,Q1,2017
10272018,27/10/2018,27,10,Q4,2018
10112015,11/10/2015,11,10,Q4,2015
5222015,22/5/2015,22,5,Q2,2015
7152015,15/7/2015,15,7,Q3,2015
10302017,30/10/2017,30,10,Q4,2017
8152015,15/8/2015,15,8,Q3,2015
9112016,11/9/2016,11,9,Q3,2016
7232016,23/7/2016,23,7,Q3,2016
8132016,13/8/2016,13,8,Q3,2016
8172017,17/8/2017,17,8,Q3,2017
9232015,23/9/2015,23,9,Q3,2015
7192015,19/7/2015,19,7,Q3,2015
1312015,31/1/2015,31,1,Q1,2015
7092015,9/7/2015,9,7,Q3,2015
3252017,25/3/2017,25,3,Q1,2017
7012018,1/7/2018,1,7,Q3,2018
11212015,21/11/2015,21,11,Q4,2015
10172016,17/10/2016,17,10,Q4,2016
9202017,20/9/2017,20,9,Q3,2017
9272016,27/9/2016,27,9,Q3,2016
7292017,29/7/2017,29,7,Q3,2017
8062017,6/8/2017,6,8,Q3,2017
10072017,7/10/2017,7,10,Q4,2017
3162015,16/3/2015,16,3,Q1,2015
3012016,1/3/2016,1,3,Q1,2016
2202017,20/2/2017,20,2,Q1,2017
11252017,25/11/2017,25,11,Q4,2017
12142017,14/12/2017,14,12,Q4,2017
8312015,31/8/2015,31,8,Q3,2015
4072015,7/4/2015,7,4,Q2,2015
11302017,30/11/2017,30,11,Q4,2017
6202015,20/6/2015,20,6,Q2,2015
12202017,20/12/2017,20,12,Q4,2017
8092017,9/8/2017,9,8,Q3,2017
4102016,10/4/2016,10,4,Q2,2016
6242017,24/6/2017,24,6,Q2,2017
4182015,18/4/2015,18,4,Q2,2015
3292017,29/3/2017,29,3,Q1,2017
3232015,23/3/2015,23,3,Q1,2015
7032017,3/7/2017,3,7,Q3,2017
12102016,10/12/2016,10,12,Q4,2016
11292017,29/11/2017,29,11,Q4,2017
9222017,22/9/2017,22,9,Q3,2017
5032018,3/5/2018,3,5,Q2,2018
3122016,12/3/2016,12,3,Q1,2016
6132017,13/6/2017,13,6,Q2,2017
12052016,5/12/2016,5,12,Q4,2016
11192016,19/11/2016,19,11,Q4,2016
11222018,22/11/2018,22,11,Q4,2018
3062018,6/3/2018,6,3,Q1,2018
2282017,28/2/2017,28,2,Q1,2017
2252018,25/2/2018,25,2,Q1,2018
12172017,17/12/2017,17,12,Q4,2017
8062015,6/8/2015,6,8,Q3,2015
4112015,11/4/2015,11,4,Q2,2015
5032016,3/5/2016,3,5,Q2,2016
2162018,16/2/2018,16,2,Q1,2018
11162015,16/11/2015,16,11,Q4,2015
9042017,4/9/2017,4,9,Q3,2017
2272016,27/2/2016,27,2,Q1,2016
1272015,27/1/2015,27,1,Q1,2015
3052018,5/3/2018,5,3,Q1,2018
5072018,7/5/2018,7,5,Q2,2018
4082015,8/4/2015,8,4,Q2,2015
10282015,28/10/2015,28,10,Q4,2015
11252018,25/11/2018,25,11,Q4,2018
6062018,6/6/2018,6,6,Q2,2018
2172018,17/2/2018,17,2,Q1,2018
7272015,27/7/2015,27,7,Q3,2015
10232016,23/10/2016,23,10,Q4,2016
6152016,15/6/2016,15,6,Q2,2016
1292018,29/1/2018,29,1,Q1,2018
5012018,1/5/2018,1,5,Q2,2018
1032016,3/1/2016,3,1,Q1,2016
6052018,5/6/2018,5,6,Q2,2018
7182018,18/7/2018,18,7,Q3,2018
6282017,28/6/2017,28,6,Q2,2017
6012016,1/6/2016,1,6,Q2,2016
2222016,22/2/2016,22,2,Q1,2016
12152018,15/12/2018,15,12,Q4,2018
11032015,3/11/2015,3,11,Q4,2015
3082016,8/3/2016,8,3,Q1,2016
12222016,22/12/2016,22,12,Q4,2016
8112018,11/8/2018,11,8,Q3,2018
12122017,12/12/2017,12,12,Q4,2017
11152018,15/11/2018,15,11,Q4,2018
5162018,16/5/2018,16,5,Q2,2018
5022016,2/5/2016,2,5,Q2,2016
5112018,11/5/2018,11,5,Q2,2018
7272018,27/7/2018,27,7,Q3,2018
12302017,30/12/2017,30,12,Q4,2017
5192015,19/5/2015,19,5,Q2,2015
4162017,16/4/2017,16,4,Q2,2017
3142016,14/3/2016,14,3,Q1,2016
7012017,1/7/2017,1,7,Q3,2017
6162017,16/6/2017,16,6,Q2,2017
7082016,8/7/2016,8,7,Q3,2016
5052015,5/5/2015,5,5,Q2,2015
11302015,30/11/2015,30,11,Q4,2015
2182016,18/2/2016,18,2,Q1,2016
9302017,30/9/2017,30,9,Q3,2017
1052016,5/1/2016,5,1,Q1,2016
7052018,5/7/2018,5,7,Q3,2018
4042017,4/4/2017,4,4,Q2,2017
3262015,26/3/2015,26,3,Q1,2015
10282018,28/10/2018,28,10,Q4,2018
5172016,17/5/2016,17,5,Q2,2016
8232018,23/8/2018,23,8,Q3,2018
8222015,22/8/2015,22,8,Q3,2015
10042017,4/10/2017,4,10,Q4,2017
10262015,26/10/2015,26,10,Q4,2015
2142016,14/2/2016,14,2,Q1,2016
1252017,25/1/2017,25,1,Q1,2017
5202018,20/5/2018,20,5,Q2,2018
10252016,25/10/2016,25,10,Q4,2016
7072015,7/7/2015,7,7,Q3,2015
8192018,19/8/2018,19,8,Q3,2018
11172016,17/11/2016,17,11,Q4,2016
5032017,3/5/2017,3,5,Q2,2017
6192016,19/6/2016,19,6,Q2,2016
7042017,4/7/2017,4,7,Q3,2017
8072016,7/8/2016,7,8,Q3,2016
3242015,24/3/2015,24,3,Q1,2015
6182018,18/6/2018,18,6,Q2,2018
5232018,23/5/2018,23,5,Q2,2018
2202015,20/2/2015,20,2,Q1,2015
11022015,2/11/2015,2,11,Q4,2015
10102015,10/10/2015,10,10,Q4,2015
3302018,30/3/2018,30,3,Q1,2018
7122016,12/7/2016,12,7,Q3,2016
7132015,13/7/2015,13,7,Q3,2015
9262018,26/9/2018,26,9,Q3,2018
4192015,19/4/2015,19,4,Q2,2015
6092016,9/6/2016,9,6,Q2,2016
5262016,26/5/2016,26,5,Q2,2016
1242017,24/1/2017,24,1,Q1,2017
8022016,2/8/2016,2,8,Q3,2016
5302015,30/5/2015,30,5,Q2,2015
4262017,26/4/2017,26,4,Q2,2017
1102017,10/1/2017,10,1,Q1,2017
7312017,31/7/2017,31,7,Q3,2017
3272018,27/3/2018,27,3,Q1,2018
12172016,17/12/2016,17,12,Q4,2016
10102016,10/10/2016,10,10,Q4,2016
4242016,24/4/2016,24,4,Q2,2016
3092016,9/3/2016,9,3,Q1,2016
7082015,8/7/2015,8,7,Q3,2015
7132018,13/7/2018,13,7,Q3,2018
4072016,7/4/2016,7,4,Q2,2016
1132016,13/1/2016,13,1,Q1,2016
10142015,14/10/2015,14,10,Q4,2015
1022017,2/1/2017,2,1,Q1,2017
3152016,15/3/2016,15,3,Q1,2016
1062018,6/1/2018,6,1,Q1,2018
3072015,7/3/2015,7,3,Q1,2015
9032015,3/9/2015,3,9,Q3,2015
1312017,31/1/2017,31,1,Q1,2017
5242017,24/5/2017,24,5,Q2,2017
4302015,30/4/2015,30,4,Q2,2015
9082016,8/9/2016,8,9,Q3,2016
4032017,3/4/2017,3,4,Q2,2017
4252018,25/4/2018,25,4,Q2,2018
4202015,20/4/2015,20,4,Q2,2015
8042018,4/8/2018,4,8,Q3,2018
11172017,17/11/2017,17,11,Q4,2017
6212016,21/6/2016,21,6,Q2,2016
7302015,30/7/2015,30,7,Q3,2015
5272017,27/5/2017,27,5,Q2,2017
9132016,13/9/2016,13,9,Q3,2016
5052018,5/5/2018,5,5,Q2,2018
5102015,10/5/2015,10,5,Q2,2015
1122016,12/1/2016,12,1,Q1,2016
6142015,14/6/2015,14,6,Q2,2015
6212017,21/6/2017,21,6,Q2,2017
8222018,22/8/2018,22,8,Q3,2018
8022017,2/8/2017,2,8,Q3,2017
5212016,21/5/2016,21,5,Q2,2016
1032018,3/1/2018,3,1,Q1,2018
9302018,30/9/2018,30,9,Q3,2018
1162018,16/1/2018,16,1,Q1,2018
12072015,7/12/2015,7,12,Q4,2015
8212017,21/8/2017,21,8,Q3,2017
1062015,6/1/2015,6,1,Q1,2015
1042016,4/1/2016,4,1,Q1,2016
1182015,18/1/2015,18,1,Q1,2015
10242016,24/10/2016,24,10,Q4,2016
8142017,14/8/2017,14,8,Q3,2017
2182018,18/2/2018,18,2,Q1,2018
8242018,24/8/2018,24,8,Q3,2018
3312017,31/3/2017,31,3,Q1,2017
4282018,28/4/2018,28,4,Q2,2018
1192015,19/1/2015,19,1,Q1,2015
2142015,14/2/2015,14,2,Q1,2015
10082018,8/10/2018,8,10,Q4,2018
10082016,8/10/2016,8,10,Q4,2016
2242015,24/2/2015,24,2,Q1,2015
5302016,30/5/2016,30,5,Q2,2016
3312016,31/3/2016,31,3,Q1,2016
5222018,22/5/2018,22,5,Q2,2018
12192017,19/12/2017,19,12,Q4,2017
10042018,4/10/2018,4,10,Q4,2018
2022017,2/2/2017,2,2,Q1,2017
10242017,24/10/2017,24,10,Q4,2017
2112015,11/2/2015,11,2,Q1,2015
12212015,21/12/2015,21,12,Q4,2015
5152016,15/5/2016,15,5,Q2,2016
5282015,28/5/2015,28,5,Q2,2015
7282017,28/7/2017,28,7,Q3,2017
4022015,2/4/2015,2,4,Q2,2015
7282015,28/7/2015,28,7,Q3,2015
3292018,29/3/2018,29,3,Q1,2018
2032017,3/2/2017,3,2,Q1,2017
8112016,11/8/2016,11,8,Q3,2016
11082015,8/11/2015,8,11,Q4,2015
2252016,25/2/2016,25,2,Q1,2016
8312017,31/8/2017,31,8,Q3,2017
8202015,20/8/2015,20,8,Q3,2015
2062017,6/2/2017,6,2,Q1,2017
5022015,2/5/2015,2,5,Q2,2015
7182016,18/7/2016,18,7,Q3,2016
3272016,27/3/2016,27,3,Q1,2016
9102015,10/9/2015,10,9,Q3,2015
8052016,5/8/2016,5,8,Q3,2016
4292016,29/4/2016,29,4,Q2,2016
10162015,16/10/2015,16,10,Q4,2015
7192017,19/7/2017,19,7,Q3,2017
12302016,30/12/2016,30,12,Q4,2016
10052015,5/10/2015,5,10,Q4,2015
4192016,19/4/2016,19,4,Q2,2016
2042017,4/2/2017,4,2,Q1,2017
6152017,15/6/2017,15,6,Q2,2017
3022015,2/3/2015,2,3,Q1,2015
2182015,18/2/2015,18,2,Q1,2015
9202018,20/9/2018,20,9,Q3,2018
10252015,25/10/2015,25,10,Q4,2015
10182016,18/10/2016,18,10,Q4,2016
12222015,22/12/2015,22,12,Q4,2015
8032017,3/8/2017,3,8,Q3,2017
3192015,19/3/2015,19,3,Q1,2015
8022015,2/8/2015,2,8,Q3,2015
4042018,4/4/2018,4,4,Q2,2018
12132018,13/12/2018,13,12,Q4,2018
7272016,27/7/2016,27,7,Q3,2016
2232017,23/2/2017,23,2,Q1,2017
10062017,6/10/2017,6,10,Q4,2017
4222016,22/4/2016,22,4,Q2,2016
9162015,16/9/2015,16,9,Q3,2015
9112015,11/9/2015,11,9,Q3,2015
6172015,17/6/2015,17,6,Q2,2015
10292016,29/10/2016,29,10,Q4,2016
3072016,7/3/2016,7,3,Q1,2016
1302015,30/1/2015,30,1,Q1,2015
2072016,7/2/2016,7,2,Q1,2016
10312018,31/10/2018,31,10,Q4,2018
5302018,30/5/2018,30,5,Q2,2018
3302016,30/3/2016,30,3,Q1,2016
8292016,29/8/2016,29,8,Q3,2016
1142015,14/1/2015,14,1,Q1,2015
3212016,21/3/2016,21,3,Q1,2016
9152015,15/9/2015,15,9,Q3,2015
7242016,24/7/2016,24,7,Q3,2016
2232015,23/2/2015,23,2,Q1,2015
6052016,5/6/2016,5,6,Q2,2016
5072015,7/5/2015,7,5,Q2,2015
2052018,5/2/2018,5,2,Q1,2018
5102017,10/5/2017,10,5,Q2,2017
8072017,7/8/2017,7,8,Q3,2017
4212016,21/4/2016,21,4,Q2,2016
1132018,13/1/2018,13,1,Q1,2018
9062015,6/9/2015,6,9,Q3,2015
1192016,19/1/2016,19,1,Q1,2016
5252018,25/5/2018,25,5,Q2,2018
11052015,5/11/2015,5,11,Q4,2015
5202016,20/5/2016,20,5,Q2,2016
7042015,4/7/2015,4,7,Q3,2015
2162016,16/2/2016,16,2,Q1,2016
7242017,24/7/2017,24,7,Q3,2017
8122015,12/8/2015,12,8,Q3,2015
6182017,18/6/2017,18,6,Q2,2017
1082017,8/1/2017,8,1,Q1,2017
12162016,16/12/2016,16,12,Q4,2016
10172015,17/10/2015,17,10,Q4,2015
5242016,24/5/2016,24,5,Q2,2016
7242018,24/7/2018,24,7,Q3,2018
12062018,6/12/2018,6,12,Q4,2018
10162016,16/10/2016,16,10,Q4,2016
6282016,28/6/2016,28,6,Q2,2016
9162017,16/9/2017,16,9,Q3,2017
5262018,26/5/2018,26,5,Q2,2018
2042018,4/2/2018,4,2,Q1,2018
1092016,9/1/2016,9,1,Q1,2016
8192017,19/8/2017,19,8,Q3,2017
8012017,1/8/2017,1,8,Q3,2017
10092015,9/10/2015,9,10,Q4,2015
5132016,13/5/2016,13,5,Q2,2016
4222015,22/4/2015,22,4,Q2,2015
2122017,12/2/2017,12,2,Q1,2017
1092018,9/1/2018,9,1,Q1,2018
8162018,16/8/2018,16,8,Q3,2018
1142017,14/1/2017,14,1,Q1,2017
10102017,10/10/2017,10,10,Q4,2017
1232017,23/1/2017,23,1,Q1,2017
2102016,10/2/2016,10,2,Q1,2016
3292015,29/3/2015,29,3,Q1,2015
10162017,16/10/2017,16,10,Q4,2017
9132017,13/9/2017,13,9,Q3,2017
11292018,29/11/2018,29,11,Q4,2018
2152015,15/2/2015,15,2,Q1,2015
7142018,14/7/2018,14,7,Q3,2018
11202015,20/11/2015,20,11,Q4,2015
2222015,22/2/2015,22,2,Q1,2015
4152015,15/4/2015,15,4,Q2,2015
1072015,7/1/2015,7,1,Q1,2015
9132018,13/9/2018,13,9,Q3,2018
10082015,8/10/2015,8,10,Q4,2015
7022018,2/7/2018,2,7,Q3,2018
1062016,6/1/2016,6,1,Q1,2016
4132017,13/4/2017,13,4,Q2,2017
2142017,14/2/2017,14,2,Q1,2017
5162015,16/5/2015,16,5,Q2,2015
1242016,24/1/2016,24,1,Q1,2016
3282015,28/3/2015,28,3,Q1,2015
7142016,14/7/2016,14,7,Q3,2016
5312015,31/5/2015,31,5,Q2,2015
1032015,3/1/2015,3,1,Q1,2015
7202017,20/7/2017,20,7,Q3,2017
9202016,20/9/2016,20,9,Q3,2016
10202016,20/10/2016,20,10,Q4,2016
11082018,8/11/2018,8,11,Q4,2018
5222016,22/5/2016,22,5,Q2,2016
3092017,9/3/2017,9,3,Q1,2017
6302017,30/6/2017,30,6,Q2,2017
5102016,10/5/2016,10,5,Q2,2016
5092018,9/5/2018,9,5,Q2,2018
7262018,26/7/2018,26,7,Q3,2018
8112017,11/8/2017,11,8,Q3,2017
4062018,6/4/2018,6,4,Q2,2018
3142018,14/3/2018,14,3,Q1,2018
3062017,6/3/2017,6,3,Q1,2017
8302015,30/8/2015,30,8,Q3,2015
3052015,5/3/2015,5,3,Q1,2015
3272017,27/3/2017,27,3,Q1,2017
4022017,2/4/2017,2,4,Q2,2017
1282017,28/1/2017,28,1,Q1,2017
11092017,9/11/2017,9,11,Q4,2017
10242018,24/10/2018,24,10,Q4,2018
10012015,1/10/2015,1,10,Q4,2015
2232016,23/2/2016,23,2,Q1,2016
4062017,6/4/2017,6,4,Q2,2017
5082015,8/5/2015,8,5,Q2,2015
2092017,9/2/2017,9,2,Q1,2017
5312017,31/5/2017,31,5,Q2,2017
1262016,26/1/2016,26,1,Q1,2016
10102018,10/10/2018,10,10,Q4,2018
7122018,12/7/2018,12,7,Q3,2018
5182016,18/5/2016,18,5,Q2,2016
1232015,23/1/2015,23,1,Q1,2015
6082016,8/6/2016,8,6,Q2,2016
2082015,8/2/2015,8,2,Q1,2015
11112016,11/11/2016,11,11,Q4,2016
2212018,21/2/2018,21,2,Q1,2018
9162016,16/9/2016,16,9,Q3,2016
6242015,24/6/2015,24,6,Q2,2015
10272015,27/10/2015,27,10,Q4,2015
2272015,27/2/2015,27,2,Q1,2015
8052017,5/8/2017,5,8,Q3,2017
2172015,17/2/2015,17,2,Q1,2015
5112016,11/5/2016,11,5,Q2,2016
4142016,14/4/2016,14,4,Q2,2016
1282016,28/1/2016,28,1,Q1,2016
6102015,10/6/2015,10,6,Q2,2015
10112017,11/10/2017,11,10,Q4,2017
6182015,18/6/2015,18,6,Q2,2015
2282018,28/2/2018,28,2,Q1,2018
5092016,9/5/2016,9,5,Q2,2016
